{
  "sport": {
    "mean": 35310.71459820396,
    "sd": 38457.97400652019
  },
  "dport": {
    "mean": 41981.228806226805,
    "sd": 90994.29234715896
  },
  "dur": {
    "mean": 0.49799366653625726,
    "sd": 2.4150206238322713
  },
  "sttl": {
    "mean": 60.15436932452409,
    "sd": 71.30781798384558
  },
  "dttl": {
    "mean": 31.41903922929174,
    "sd": 43.07101862546605
  },
  "dloss": {
    "mean": 16.6842867630052,
    "sd": 57.1545809651908
  },
  "sloss": {
    "mean": 5.276134391247071,
    "sd": 22.74740131228407
  },
  "Spkts": {
    "mean": 33.89245844269466,
    "sd": 76.9520426952533
  },
  "Dpkts": {
    "mean": 43.64656670789714,
    "sd": 122.65268165360216
  },
  "swin": {
    "mean": 153.3502185215354,
    "sd": 124.85130837523536
  },
  "dwin": {
    "mean": 152.9999022535976,
    "sd": 124.92352793440439
  },
  "stcpb": {
    "mean": 1289118392.9121292,
    "sd": 1425046727.9535398
  },
  "dtcpb": {
    "mean": 1289184992.0569334,
    "sd": 1425160052.6488628
  },
  "smeansz": {
    "mean": 124.93779185647772,
    "sd": 153.1340404452156
  },
  "dmeansz": {
    "mean": 282.5515033034664,
    "sd": 336.8229778944837
  },
  "synack": {
    "mean": 0.003359035502860879,
    "sd": 0.02621140148656141
  },
  "ackdat": {
    "mean": 0.0029557426300997973,
    "sd": 0.02420162568512974
  }
}